Mutation,Vmax rel fit (median),Vmax rel error (qbcov*median),Kc fit (median),Kc qbcov,KcFit 25th_perc,KcFit 75th_perc,Enrichment at 20uM,Enrichment error,Oliver Kc,Oliver Kc error,Oliver kcat,Oliver kcat error,Oliver rel kcat,kcat Benoit,kcat Benoit error,kcat Benoit error type,Savage Kc,Savage Kc error -,Savage Kc error +,Savage error type,Savage KmMut/KmWT,kcat_WTnorm,Error (fraction of fraction),vc (s^-1),vc (s^-1) error +/-,vc WT in same study,KcMUT/KcWT,KcError_Fraction,Kc (uM CO2),Kc (uM CO2) error,Kc WT in same paper,vo (s^-1),Ko (uM O2),Sc/o,Sc/o error (+/-),Temperature,pH,citation,Note,year
WT,1,0,0.149,0,0.149,0.149,1,0,148.79819,10.27268,9.92573,0.39086,1.000,1,0,None,123.177793,46.09391714,46.09391714,Multi-day replicates STD,1,1,0.024,12.3,0.3,12.3,1,0.05369127517,149,8,149,1.4,159,9,0.3,25,8,Mueller-Cajar et al. Biochemistry 2007,,2007
C58S,0.9561009825,0.04393022,0.14528342,0.0818552,0.1391469254,0.151039129,0.94042616,0.01373417,,,,,,0.9208141309,0,None,,,,,,1,,,,,,,,,,,,,,23,8,Harpel et al. Biochemistry 2002,,2002
D188E,0.9063240692,0.05897333,0.1668588296,0.1001271449,0.1589057777,0.175612876,0.86453267,0.01195151,,,,,,,,,,,,,,0.81,0.034,4.8,0.2,5.9,1.69,0.1904761905,142,16,84,,,7.6,,25,8.2,Gutteridge et al. The EMBO Journal 1984,,1984
I190T,0.2427818577,0.978758641,0.4531102601,1.929570463,0.1881555812,1.062463756,0.02211094,0.0240339,,,,,,0.52386192,0.04327437,Triplicate,,,,,,0.80,,,,,,,,,,,,,,,,Gutteridge et al. Plant Physiol. Biochem. 1988,,1988
H44N,0.84835033,0.121024642,0.2039807188,0.2242788961,0.184937276,0.2306858465,0.76724554,0.01562541,,,,,,0.7809868098,0,None,,,,,,0.80,0.03,9.8,0.4,12.3,1.37,0.1208053691,204,18,149,1,116,5.5,0.3,25,8,Mueller-Cajar et al. Biochemistry 2007,,2007
H44Q,0.8116915315,0.1218067372,0.2176895413,0.2727050093,0.1933444255,0.2527094539,0.73072942,0.01362766,,,,,,,,,,,,,,0.76,0.05,9.3,0.6,12.3,2.02,0.255033557,301,38,149,1.2,185,5.3,0.1,25,8,Mueller-Cajar et al. Biochemistry 2007,,2007
K122R,0.9930074151,0.0680349,0.153181598,0.1186860671,0.1445169911,0.1626975125,0.97065524,0.01279689,,,,,,0.7422016697,0,None,,,,,,0.69,,3,,5,2.00,,256,,128,,,,,25,8,Nakano et al. Biochem. Biophys. Res. Commun. 2010,%WT activity was measured separately from kcat.  They are similar values (0.6 vs 0.69),2010
D117H,0.8823581882,0.1084359178,0.2018474607,0.1781907351,0.1864211158,0.2223884632,0.81753371,0.01015263,,,,,,,,,,,,,,0.61,0.02,7.5,0.2,12.3,1.29,0.06711409396,192,10,149,1.1,153,5.3,0.1,25,8,Mueller-Cajar et al. Biochemistry 2007,,2007
D117V,0.8930678696,0.07068326,0.1979176047,0.1587386566,0.1837761986,0.2151933733,0.81319124,0.01570219,,,,,,0.825745986,0,None,,,,,,0.60,0.02,7.4,0.3,12.3,1.32,0.1208053691,196,18,149,1.4,199,5.3,0.1,25,8,Mueller-Cajar et al. Biochemistry 2007,,2007
T53S,0.7382656437,0.2667912396,0.3014412162,0.5386848893,0.2261372423,0.3885190704,0.54592141,0.01889552,,,,,,0.2380054566,0,None,,,,,,0.58,0.028,2.1,0.1,3.6,,,,,,,,8.3,0.7,30,8,Chène et al. J Plant Physiol. 1998,,1998
N192D,0.8592789724,0.1048196982,0.1820400264,0.2170212042,0.1642694966,0.2037760423,0.77120191,0.01215011,,,,,,0.4912882738,0,None,,,,,,0.5,,,,,,,,,,,,,,,,Gutteridge et al. Plant Physiol. Biochem. 1988,"This value was reported simply as "">50%"" so the error must be very high",1988
H291A,0.4263454756,0.8348731539,0.3375944185,1.700943064,0.1566613683,0.730890253,0.22122482,0.02860062,,,,,,0.1001181969,0,None,,,,,,0.40,0.10,1.5,,3.6,,,,,,,,,,25,8,Niyogi et al. Journal of Biological Chemistry 1986,vc data in different units,1986
G394A,0.589758831,0.4976112671,0.4630585506,1.078397179,0.2871602067,0.7865212415,0.32231227,0.01828219,,,,,,0.05301136,0,None,,,,,,0.35,0.01,,,,,,,,,,,10,0.2,25,8,Larimer et al. J. Biol. Chem. 1994,,1994
N54A,0.7300728206,0.32220801,0.504424239,0.5848432649,0.365909821,0.6609189398,0.4375191,0.01720469,,,,,,,,,,,,,,0.22,0.01,,,,,,,,,,,9,0.4,25,8,Larimer et al. J. Biol. Chem. 1994,,1994
N54W,0.796284594,0.8323676043,1.143428173,1.44369631,0.64929608,2.300059119,0.28997609,0.01597056,,,,,,,,,,,,,,0.22,0.01,,,,,,,,,,,6,0.1,25,8,Larimer et al. J. Biol. Chem. 1994,,1994
M330L,0.6500512928,1.000259466,1.749559363,1.225849899,0.9053922939,3.050089461,0.20567805,0.02035063,,,,,,0.1215068167,0,None,,,,,,0.2,,,,,14.81,2.962264151,2354,471,159,,6000,6.3,,30,8,Terzaghi et al. Biochemistry 1986,vc data in different units,1986
H291S,0.4346752804,1.386232091,0.5342371999,1.809962211,0.2321610318,1.199110175,0.2393071,0.02422246,,,,,,,,,,,,,,0.18,,,,,,,,,,,,,,25,8.2,Niyogi et al. J. Biosci. 1987,,1987
D263E,0.2428626708,0.800005399,0.1856896582,1.562161283,0.09558319,0.3856603856,0.14667195,0.04336414,,,,,,,,,,,,,,0.15,,0.94,,6.28,0.17,,76,,446,,,8.6,,25,8,Liggins et al. Biochemistry 2009,Kc data don't make sense,2009
D263N,0.2700616049,0.83179899,0.1510490604,1.356637097,0.06583141,0.2707501693,0.1476672,0.01718933,,,,,,0.0136021,0,None,,,,,,0.13,,0.82,,6.28,0.06,,26,,446,,,8.8,,25,8,Liggins et al. Biochemistry 2009,Kc data don't make sense,2009
D263A,0.1477456777,1.518283703,0.3098256366,1.726015011,0.1493148653,0.684078565,0.03338324,0.01894152,,,,,,,,,,,,,,0.13,,0.81,,6.28,0.04,,18,,446,,,9.2,,25,8,Liggins et al. Biochemistry 2009,Kc data don't make sense,2009
H321N,0.1975886113,1.59980461,0.4452562342,2.439568565,0.1429987168,1.229231829,0.14292855,0.02017012,,,,,,,,,,,,,,0.118,,,,,,,,,,,,,,25,8,Harpel et al. Biochemistry 2002,,2002
H321Q,0.2354224698,1.070344219,0.3022433251,2.033005134,0.1343645899,0.7488268217,0.00958209,0.02902741,,,,,,,,,,,,,,0.078,,,,,,,,,,,,,,25,8,Harpel et al. Biochemistry 2002,,2002
D263S,0.1290534903,1.444488132,0.2271652633,1.06269877,0.1083046097,0.34971286,-0.0189417,0.01677536,,,,,,,,,,,,,,0.073,,0.46,,6.28,0.02,,9,,446,,,10.1,,25,8,Liggins et al. Biochemistry 2009,Kc data don't make sense,2009
I164T,0.5788345914,1.606988432,1.56527908,1.797149868,0.7135524043,3.526593497,0.2173779,0.02626985,,,,,,0.1005541366,0,None,598.0204185,50.98943555,157.0110098,Triplicate,4.854936947,0.06,0.001,0.12,0.001,2.1,,,,,,,,4.2,0.4,30,8,Chène et al. Biochem. Biophys. Res. Commun. 1997,,1997
G370A,0.1652907732,1.573654133,0.38299054,2.463727989,0.1133005079,1.056885018,0.05586024,0.01590781,,,,,,,,,,,,,,0.044,0.002,,,,,,,,,,,13,1.2,25,8,Larimer et al. J. Biol. Chem. 1994,,1994
H321S,0.1842048403,1.360685424,0.3662298726,1.703810915,0.1400743491,0.7640608034,0.0054517,0.01938637,,,,,,,,,,,,,,0.038,,,,,,,,,,,,,,25,8,Harpel et al. J. Biol. Chem. 1991,,1991
D263Q,0.1984403744,1.719681608,0.498261737,3.420164636,0.1927797273,1.8969169,0.02139548,0.03061079,,,,,,,,,,,,,,0.032,,0.2,,6.28,0.03,,14,,446,,,9.3,,25,8,Liggins et al. Biochemistry 2009,Kc data don't make sense,2009
H321A,0.1507514347,1.85643046,0.3072286487,2.362911834,0.1346131947,0.8605674045,0.02926987,0.0337451,,,,,,0.03238268,0,None,,,,,,0.032,,,,,,,,,,,,,,25,8,Harpel et al. J. Biol. Chem. 1991,,1991
S368A,0.3396306561,2.086332303,0.9605826323,1.819888637,0.2166564932,1.96480991,0.14984736,0.02299858,,,,,,,,,,,,,,0.017,,,,,,,,,,,,16.8,,25,8,Harpel et al. J. Biol. Chem. 1991,Followup paper found specificity enhanced ~60%,1991
T53C,0.3160481436,0.9265938319,0.6625919573,1.569127055,0.4073469054,1.447037872,0.01257787,0.01432218,,,,,,,,,,,,,,0.017,0.003,0.06,0.01,3.6,,,,,,,,,,30,8,Chène et al. J Plant Physiol. 1998,,1998
T53A,0.06126318,3.078760124,0.1236399195,6.857654305,0.03796208,0.8858419082,0.01129586,0.01155688,,,,,,0.02429443,0,None,,,,,,0.016,0.001,,,,,,,,,,,7,0.2,25,8,Larimer et al. J. Biol. Chem. 1994,,1994
N111G,0.138532978,2.472948188,0.9453956671,1.796151513,0.4929232906,2.190997148,-0.0303259,0.02277741,,,,,,,,,,,,,,0.01,0.001,0.034,0.002,3,,,,,,,,0.56,0.01,30,8,Chène et al. J Mol. Biol. 1992,,1992
I164N,0.0850961,1.276162874,0.3601827028,1.885080345,0.1253296809,0.8043030148,0.03033462,0.01816366,,,,,,,,,,,,,,0.01,0.00281,0.02,,2.1,,,,,,,,2.4,,30,8,Chène et al. Biochem. Biophys. Res. Commun. 1997,,1997
H291L,0.182376657,1.339792162,0.4681543263,1.479316958,0.1864746658,0.8790232996,0.04652528,0.02169147,,,,,,,,,,,,,,0.009,,,,,,,,,,,,,,25,8.2,Niyogi et al. J. Biosci. 1987,,1987
K122E,0.0740769,2.368613272,0.1400991412,1.85300829,0.0415946,0.3011994744,0.01560223,0.03624463,,,,,,,,,,,,,,0.008,,,,,,,,,,,,,,25,8,Nakano et al. Biochem. Biophys. Res. Commun. 2010,%WT activity was measured separately from kcat.  They are similar values (0.6 vs 0.69),2010
S368C,0.1451353871,1.363314966,0.6491385412,2.150192325,0.3338730795,1.729645789,0.06081545,0.02333731,,,,,,,,,,,,,,0.008,,,,,,,,,,,,,,25,8,Harpel et al. J. Biol. Chem. 1991,,1991
G393A,0.1099827799,1.206101289,0.3496698782,1.491929831,0.16482264,0.6865055649,-0.0384628,0.01614388,,,,,,,,,,,,,,0.005,0.0001,,,,,,,,,,,12,0.6,25,8,Larimer et al. J. Biol. Chem. 1994,,1994
K122M,0.06006565,2.491713857,0.2138752256,3.655901965,0.09772263,0.8796294922,-0.0158255,0.01249574,,,,,,,,,,,,,,0.002,,,,,,,,,,,,,,25,8,Nakano et al. Biochem. Biophys. Res. Commun. 2010,%WT activity was measured separately from kcat.  They are similar values (0.6 vs 0.69),2010
K166S,0.07231708,1.12263923,0.2858814578,2.142428969,0.1334975351,0.7459782519,0.00083359,0.01547123,,,,,,,,,,,,,,0.002,,,,,,,,,,,,,,,,Kellogg et al. Am. J. Bot. 1997,Review,1997
N111L,0.1775231519,1.130490895,0.2831733511,1.772554232,0.1438047909,0.6457449127,-0.0118982,0.0262478,,,,,,,,,,,,,,0.0010,,,,,,,,,,,,,,30,8,Chène et al. J Mol. Biol. 1992,,1992
N111D,0.04935581941,3.500291831,0.1284185,7.494675567,0.0288343406,0.9912893073,-0.0262102,0.02004063,,,,,,,,,,,,,,0.0010,,,,,,,,,,,,,,30,8,Chène et al. J Mol. Biol. 1992,,1992
K168R,0.07164632,2.170898405,0.3003913361,3.07732871,0.1475680261,1.071970909,-0.0471603,0.0282915,,,,,,,,,,,,,,0.0010,,,,,,,,,,,,,,25,8,Mural et al. J. Biol. Chemistry 1990,,1990
K166A,0.08876604,1.732749183,0.3160452321,2.180965108,0.11604123,0.8053248539,0.04056485,0.01699726,,,,,,,,,,,,,,0.001,,,,,,,,,,,,,,25,8.2,Niyogi et al. J. Biosci. 1987,,1987
H287N,0.06560296,1.155509637,0.1304317178,4.28473753,0.05429028,0.6131559592,-0.0470845,0.02006606,,,,,,,,,,,,,,0.0005,,,,,,,,,,,,0.9,,,8,Harpel et al. Protein Science. 1998,,1998
E48Q,0.03842755,1.204789842,0.1423386326,2.71959244,0.03812985,0.4252329185,0.02182465,0.01657155,,,,,,,,,,,,,,0.0005,,,,,,,,,,,,,,,,Larimer et al. J. Biol. Chem. 1987,,1987
H291K,0.08993163,1.431488167,0.1696225132,4.480218443,0.04928255,0.8092284661,-0.0298894,0.03603607,,,,,,,,,,,,,,0.0005,,,,,,,,,,,,,,25,8.2,Niyogi et al. J. Biosci. 1987,,1987
K168Q,0.07651198,2.083124311,0.3543889628,3.347325487,0.1582302514,1.344485459,-0.0274719,0.02472014,,,,,,,,,,,,,,0.0001,,,,,,,,,,,,,,25,8,Mural et al. J. Biol. Chemistry 1990,,1990
N111Q,0.1081653214,1.572976276,0.268821769,3.965962271,0.08918544,1.155322438,0.05008391,0.01513732,,,,,,,,,,,,,,0.0000,,,,,,,,,,,,,,30,8,Chène et al. J Mol. Biol. 1992,,1992
H287K,0.07574364,2.702224922,0.1066539898,9.445322209,0.0535165,1.060897803,-0.003719,0.03018788,,,,,,,,,,,,,,0,,,,,,,,,,,,,,,,Gutteridge et al. Plant Physiol. Biochem. 1988,In the HKellogg review there is a typo it says 0.2% activity but that's for enolisation,1988
E48C,0.06902397,2.295205785,0.3792413264,1.187581419,0.1199958231,0.5703757757,0.0040745,0.02678187,,,,,,,,,,,,,,0,,,,,,,,,,,,,,,,Smith et al. J. Biol. Chem. 1990,carboxymethylation of the cystein rescues ~6% of function,1990
K166G,0.05073328922,2.545013688,0.1036461708,10.853384,0.05106368,1.175975376,0.01845203,0.02071867,,,,,,,,,,,,,,0,,,,,,,,,,,,,,25,8,Larimer et al. J. Biol. Chem. 1987,,1987
K166C,0.1117258299,1.69334023,0.2999450777,1.070108865,0.1562895653,0.477263452,0.00484239,0.00903449,,,,,,,,,,,,,,0,,,,,,,,,,,,,,,,Hartman et al. Enzymatic and Model Carboxylation 1990. p. 347–365.,,1990
K329C,0.09279406,3.394590554,0.34288202,3.090583798,0.1128909592,1.172596571,-0.0423071,0.0204081,,,,,,,,,,,,,,0,,,,,,,,,,,,,,,,Hartman et al. Enzymatic and Model Carboxylation 1990. p. 347–365.,,1990
K329G,0.1131665527,1.183100266,0.2648738001,1.189945701,0.1246531822,0.4398386218,0.00168174,0.01910832,,,,,,,,,,,,,,0,,,,,,,,,,,,,,,,Hartman et al. Enzymatic and Model Carboxylation 1990. p. 347–365.,,1990
K329E,0.09166439,4.284108339,0.3361881153,3.132279701,0.06621843,1.119253643,-0.1038855,0.03027891,,,,,,,,,,,,,,0,,,,,,,,,,,,,,,,Hartman et al. Enzymatic and Model Carboxylation 1990. p. 347–365.,,1990
K329R,0.1033444017,0.8222013387,0.1525986738,1.308597507,0.08879603,0.2884862772,0.05411755,0.01201841,,,,,,,,,,,,,,0,,,,,,,,,,,,,,,,Hartman et al. Enzymatic and Model Carboxylation 1990. p. 347–365.,,1990
K329Q,0.05538281,1.329994201,0.2827041952,1.698830252,0.1019891217,0.58225556,0.01359853,0.01912711,,,,,,,,,,,,,,0,,,,,,,,,,,,,,,,Hartman et al. Enzymatic and Model Carboxylation 1990. p. 347–365.,,1990
K329A,0.1684098092,1.512024114,0.35562049,2.658077218,0.1866956663,1.131962377,0.05163017,0.03106347,,,,,,,,,,,,,,0,,,,,,,,,,,,,,,,Hartman et al. Enzymatic and Model Carboxylation 1990. p. 347–365.,,1990
K329S,0.1202145899,2.492387771,0.7544350174,1.624255132,0.1902701671,1.415665116,0.02908399,0.02280216,,,,,,,,,,,,,,0,,,,,,,,,,,,,,,,Hartman et al. Enzymatic and Model Carboxylation 1990. p. 347–365.,,1990
D193N,0.05720102,1.329385952,0.2502970251,2.402286576,0.09910384,0.700389024,0.0481781,0.01795395,,,,,,,,,,,,,,0,,,,,,,,,,,,,,,,Gutteridge et al. Plant Physiol. Biochem. 1988,,1988
K191A,0.2295533711,1.007562661,0.2831829098,2.491602399,0.1466398951,0.8522191126,0.06983146,0.06842208,,,,,,,,,,,,,,0,,,,,,,,,,,,,,25,8,Smith et al. Biochemistry 1991,,1991
K191E,0.09222142,2.28779931,0.2582078068,3.589712726,0.05092289654,0.97781475,-0.0357448,0.04504005,,,,,,,,,,,,,,0,,,,,,,,,,,,,,,,Gutteridge et al. Plant Physiol. Biochem. 1988,,1988
E194Q,0.07120433,1.448045104,0.3619035734,2.012586004,0.1843686289,0.9127306954,-0.0497591,0.01997781,,,,,,,,,,,,,,0,,,,,,,,,,,,,,,,Gutteridge et al. Plant Physiol. Biochem. 1988,"This value was reported simply as "">50%"" so the error must be very high",1988
E194V,0.04618263503,3.641414081,0.42634006,3.117086234,0.1327393016,1.461678022,-0.0257945,0.02368043,,,,,,,,,,,,,,0,,,,,,,,,,,,,,,,Gutteridge et al. Plant Physiol. Biochem. 1988,"This value was reported simply as "">50%"" so the error must be very high",1988
K166R,0.09054061,1.387815498,0.3146844332,2.118585065,0.1223742231,0.7890599636,0.05095607,0.01661214,,,,,,,,,,,,,,0,,,,,,,,,,,,,,,,Kellogg et al. Am. J. Bot. 1997,Review,1997
K166H,0.06853404,2.776806967,0.4301429,3.104160865,0.1905535303,1.525786298,-0.0393505,0.0128445,,,,,,,,,,,,,,0,,,,,,,,,,,,,,,,Kellogg et al. Am. J. Bot. 1997,Review,1997
K166D,0.04524471,1.725371777,0.1999094357,2.215125043,0.06277389,0.5055982883,0.00334872,0.01631943,,,,,,,,,,,,,,0,,,,,,,,,,,,,,,,Kellogg et al. Am. J. Bot. 1997,Review,1997
K166Q,0.04982977,2.50942722,0.1852091151,5.026555945,0.04340495293,0.9743689316,-0.0493229,0.0133487,,,,,,,,,,,,,,0,,,,,,,,,,,,,,,,Kellogg et al. Am. J. Bot. 1997,Review,1997
K168E,0.05126689,1.484217328,0.2715874824,2.840404489,0.1166880086,0.8881063128,-0.0102377,0.01359109,,,,,,,,,,,,,,0,,,,,,,,,,,,,,25,8,Mural et al. J. Biol. Chemistry 1990,,1990
E48K,0.05226600616,1.716678707,0.3443969589,3.670217263,0.1873709014,1.45138257,0.00340802,0.01230306,,,,,,,,,,,,,,0,,,,,,,,,,,,,,25,8,Mural et al. J. Biol. Chemistry 1990,,1990
N111S,0.05697267135,2.089582069,0.2921639743,2.089911089,0.0987528,0.7093495293,-0.0389457,0.0175323,,,,,,,,,,,,,,0,,,,,,,,,,,,,,,8,Soper et al. J. Biol. Chem. 1992,,1992
N111K,0.09990216,2.900757136,0.58174996,3.782709685,0.1361179034,2.336709126,-0.0196865,0.01665149,,,,,,,,,,,,,,0,,,,,,,,,,,,,,,8,Soper et al. J. Biol. Chem. 1992,,1992
H321K,0.05720629,2.163339736,0.2442544096,2.328761003,0.09033316,0.6591433039,0.00123758,0.01348031,,,,,,,,,,,,,,0,,,,,,,,,,,,,,25,8,Harpel et al. J. Biol. Chem. 1991,,1991
H321R,0.1740402501,1.480776503,0.183541799,1.194373438,0.1313919542,0.3506094038,0.07511792,0.03521271,,,,,,,,,,,,,,0,,,,,,,,,,,,,,25,8,Harpel et al. J. Biol. Chem. 1991,,1991
H287Q,0.09508284,1.728016815,0.4331850369,2.879233324,0.1477395622,1.394980356,-0.0143558,0.0177258,,,,,,,,,,,,,,0,,,,,,,,,,,,0.8,,,8,Harpel et al. Protein Science. 1998,,1998
E48D,0.04765541376,0.8310850855,0.1990155155,2.852487402,0.07364717,0.6413364213,0.0011877,0.0192515,,,,,,,,,,,,,,0,,,,,,,,,,,,,,25,8,Mural et al. J. Biol. Chemistry 1990,,1990
K191C,0.1254482705,1.075617904,0.3843747017,1.753921556,0.1483976942,0.8225607692,0.03904904,0.02090706,,,,,,,,,,,,,,0,,,,,,,,,,,,,,,,Gutteridge et al. Plant Physiol. Biochem. 1988,,1988
H291R,0.1751575576,1.690542461,0.521859275,2.163684092,0.142709216,1.271847828,-0.0041297,0.01760284,,,,,,,,,,,,,,0,,,,,,,,,,,,,,25,8.2,Niyogi et al. J. Biosci. 1987,,1987
A463F,1.029653491,0.02528367,0.145480263,0.04890677,0.1419003213,0.1490152916,1.04851463,0.00772522,,,,,,0.9987187488,0,None,,,,,,,,,,,,,,,,,,,,,,,,
A209P,1.029645992,0.02861442619,0.1470198209,0.05346506,0.1425536567,0.1504140803,1.05282867,0.00452096,,,,,,0.9864055743,0,None,,,,,,,,,,,,,,,,,,,,,,,,
E333G,1.013709533,0.0572454725,0.1443061188,0.1022183936,0.1364120082,0.1511627478,1.029457,0.00993778,,,,,,0.9798041593,0,None,,,,,,,,,,,,,,,,,,,,,,,,
E79H,1.037606246,0.02751919,0.142231149,0.05051619,0.138114659,0.1452996348,1.03844567,0.01233016,,,,,,0.97577138,0.02396347,Triplicate,,,,,,,,,,,,,,,,,,,,,,,,
I447L,1.009312166,0.0516032,0.1448739984,0.09881122,0.1384265723,0.1527417481,1.01391317,0.01282491,,,,,,0.9723329199,0,None,,,,,,,,,,,,,,,,,,,,,,,,
K98R,1.014376291,0.03376315,0.147087028,0.05769282,0.1427831329,0.151268998,1.03707766,0.01141933,,,,,,0.95879795,0,None,,,,,,,,,,,,,,,,,,,,,,,,
A269P,1.026378315,0.03207161,0.1490135208,0.07231192,0.1439318376,0.1547072909,1.02480942,0.0122819,,,,,,0.9340968578,0,None,,,,,,,,,,,,,,,,,,,,,,,,
D213T,0.8480307604,0.1043226973,0.1736014155,0.1944671974,0.1583283063,0.192088087,0.73447277,0.02786802,,,,,,0.9065793032,0.02175558,Triplicate,,,,,,,,,,,,,,,,,,,,,,,,
E333A,1.050379599,0.05585481,0.1535556632,0.1148859998,0.1452486256,0.1628900215,1.09375213,0.01937696,,,,,,0.8982477867,0.01913347,Triplicate,,,,,,,,,,,,,,,,,,,,,,,,
F238A,1.015165943,0.03703644,0.1522924416,0.06568027,0.1473969671,0.1573995758,1.02243707,0.00494024,,,,,,0.894040398,0,None,,,,,,,,,,,,,,,,,,,,,,,,
V421I,1.032652068,0.04061732737,0.1531226772,0.06909232,0.1487446123,0.159324213,1.03509814,0.01385249,,,,,,0.8826563468,0,None,,,,,,,,,,,,,,,,,,,,,,,,
Y132L,1.020225858,0.0463709,0.1502969447,0.07090312,0.1452182795,0.1558748012,1.02802807,0.01114368,,,,,,0.8816697594,0,None,,,,,,,,,,,,,,,,,,,,,,,,
D206G,1.014852762,0.04008603,0.1523512633,0.0682053,0.1479400331,0.1583311966,1.02054682,0.00732138,,,,,,0.8760569785,0,None,,,,,,,,,,,,,,,,,,,,,,,,
A214R,0.7164900299,0.3150584109,0.24281957,0.673099766,0.1852284285,0.3486702232,0.58027009,0.02300837,,,,,,0.8703668313,0.02179229,Triplicate,,,,,,,,,,,,,,,,,,,,,,,,
D156W,0.755431946,0.1709966617,0.2139349479,0.3208354091,0.1874525414,0.2560904479,0.66205346,0.01346452,,,,,,0.86296319,0.01253938,Triplicate,,,,,,,,,,,,,,,,,,,,,,,,
G116K,1.021558289,0.03047071309,0.1380605545,0.05272638,0.13435163,0.1416310642,1.05301035,0.00951762,,,,,,0.6315122356,0.00790768,Triplicate,,,,,,,,,,,,,,,,,,,,,,,,
A386K,0.7286114603,0.2570026937,0.2531073296,0.7718457037,0.1902294232,0.3855892281,0.54727088,0.02006192,,,,,,0.3141011251,0.00990943,Triplicate,,,,,,,,,,,,,,,,,,,,,,,,
V266T,0.9347791229,0.06078531281,0.1329802104,0.1248026752,0.1236785626,0.1402748486,0.89174898,0.01022493,87.43051,4.82737,5.09001,0.13487,0.513,0.3123077206,0,None,40.18361301,20.80689121,20.80689121,Multi-day replicates STD,0.3262244924,,,,,,,,,,,,,,,,,,,
A102Y,0.7317698977,0.1462332612,0.1213624273,0.202486715,0.1094729018,0.1340471811,0.62935669,0.01300595,53.31469,3.1271,1.71362,0.04121,0.173,0.09205562,0.00136889,Duplicate,20.19264436,2.128537966,1.834666936,Triplicate,0.1639308828,,,,,,,,,,,,,,,,,,,
A102K,0.1615896843,1.442894383,0.6631167633,3.673942552,0.1563691093,2.592622003,0.03723572,0.01339925,,,,,,-0.0077341,0,None,,,,,,,,,,,,,,,,,,,,,,,,
V266G,1.114586689,0.4833109019,1.010217689,1.072999041,0.64649385,1.73045646,0.58035266,0.01289887,,,,,,,,,245.8101293,19.50990677,18.63193366,Triplicate,1.995571793,,,,,,,,,,,,,,,,,,,
A230C,1.023000191,0.04694955,0.1360456246,0.08365102,0.1307389587,0.1421193142,1.04605063,0.01354331,,,,,,,,,,,,,,,,,,,,,,,,,,,,,,,,
A269K,1.047232356,0.1439316333,0.4192045429,0.4896089432,0.3350180258,0.5402643191,0.80108428,0.02000697,,,,,,,,,160.5577497,2.38585795,4.481152737,Triplicate,1.303463439,,,,,,,,,,,,,,,,,,,
T108A,1.001923989,0.03353593,0.1381513443,0.06283373,0.1342044933,0.1428850583,1.00075867,0.00784196,,,,,,,,,,,,,,,,,,,,,,,,,,,,,,,,
A289C,0.630833196,0.1884265658,0.1123172401,0.2721409267,0.09686225,0.1274283662,0.49596266,0.01810599,,,,,,,,,,,,,,,,,,,,,,,,,,,,,,,,
A405H,0.9352226184,0.09404305,0.1465121181,0.1449460243,0.1352669416,0.1565032907,0.91718263,0.01638309,,,,,,,,,157.5624789,42.79513903,35.1359227,Triplicate,1.279146793,,,,,,,,,,,,,,,,,,,
Km2,,,,,,,,,,,,,,,,,50.72557238,31.6587409,31.6587409,Multi-day replicates STD,0.4118077709,,,,,,,,,,,,,,,,,,,
Km12,,,,,,,,,73.75102,4.57536,2.45825,0.06984,0.248,,,,32.80998515,17.37388678,17.37388678,Multi-day replicates STD,0.2663628267,,,,,,,,,,,,,,,,,,,