wt_aa,pos,conservation,tolerance
Q,3,0.9680150517403575,0.6131378128687228
S,4,0.9049858889934148,0.5238483136983623
S,5,0.47883349012229537,0.8402525739417378
R,6,0.9708372530573848,0.049827525959448
Y,7,0.9689557855126999,0.08168019877944228
V,8,0.7902163687676388,0.39236223117985813
N,9,0.6923800564440263,0.44658421732399284
L,10,0.9623706491063029,0.4966952703789061
A,11,0.6359360301034808,0.8391010263430598
L,12,0.967074317968015,0.6116062679601694
K,13,0.5277516462841016,0.8118844435502375
E,14,0.9717779868297272,0.11056474157126737
E,15,0.4524929444967074,0.8339932445889503
D,16,0.6641580432737535,0.7218065129777237
L,17,0.973659454374412,0.12551630952331647
I,18,0.8428974600188147,0.37762376550411186
A,19,0.522107243650047,0.808996314079714
G,20,0.6989651928504234,0.7457554793167753
G,21,0.8984007525870179,0.3967582778356461
E,22,0.3565380997177799,0.7976298358875508
H,23,0.9698965192850423,0.23591077929263146
V,24,0.5644402634054563,0.3351859599830796
L,25,0.9755409219190969,0.10667360699850793
C,26,0.6086547507055503,0.30841884192854757
A,27,0.955785512699906,0.38998975077438736
Y,28,0.9783631232361242,0.22632247148022488
I,29,0.46378174976481656,0.9124221222311453
M,30,0.8777046095954845,0.3149526479362029
K,31,0.7036688617121355,0.38199527772696146
P,32,0.9529633113828786,0.36060878173750177
K,33,0.7046095954844779,0.4877978307061952
A,34,0.5174035747883349,0.9547318527753893
G,35,0.9539040451552211,0.6347116725663393
Y,36,0.08654750705550329,0.8811944634438118
G,37,0.2812793979303857,0.8152964456685915
Y,38,0.819379115710254,0.5733167841668487
V,39,0.8871119473189087,0.805314822426276
A,40,0.6933207902163687,0.835627660135767
T,41,0.451552210724365,0.4551090378788474
A,42,0.9764816556914393,0.13450272046046646
A,43,0.9633113828786454,0.31354937807517347
H,44,0.9821260583254939,0.500559069269796
F,45,0.845719661335842,0.3084003874910511
A,46,0.9604891815616181,0.11746592374849077
A,47,0.9840075258701787,0.2028350189319377
E,48,0.9849482596425212,-0.005752400543945564
S,49,0.9849482596425212,0.17529516398861533
S,50,0.9830667920978363,0.08701974181351821
T,51,0.9830667920978363,0.056207095073639836
G,52,0.9849482596425212,0.014225922434582667
T,53,0.9840075258701787,0.045058754073065366
N,54,0.9840075258701787,0.3188219641230259
V,55,0.9858889934148636,0.5322108007535076
E,56,0.8852304797742239,0.9218673518116052
V,57,0.9539040451552211,0.22890433152330167
C,58,0.7234242709313264,0.8631890291477355
T,59,0.9868297271872061,0.460492544502115
T,60,0.9858889934148636,0.5416984431675891
D,61,0.9877704609595485,0.288325205290964
D,62,0.8297271872060207,0.9724903838765151
F,63,0.9821260583254939,0.8152039271937489
T,64,0.9821260583254939,0.3036715458772109
R,65,0.5860771401693321,0.755500529715532
G,66,0.8955785512699906,0.9105116510785318
V,67,0.8908748824082785,0.8255620437748442
D,68,0.9915333960489181,0.16877027817824275
A,69,0.9849482596425212,0.1504218268546062
L,70,0.8871119473189087,0.6937298041229615
V,71,0.9783631232361242,0.11067032708581037
Y,72,0.9915333960489181,0.03704201290304691
E,73,0.380997177798683,0.7688730150322312
V,74,0.8476011288805269,0.4016211881200278
D,75,0.9303857008466604,0.4779668964946204
E,76,0.8730009407337723,0.7183389327711007
A,77,0.7516462841015993,0.9360766689463556
R,78,0.34524929444967073,0.8344457458256747
E,79,0.6566321730950141,0.9556734035482114
L,80,0.3367826904985889,0.6472873325874479
T,81,0.9049858889934148,0.4453264180779932
K,82,0.5014111006585137,0.12108354996515965
I,83,0.9002822201317028,0.12174876058174629
A,84,0.9943555973659455,0.11765221808007983
Y,85,0.9623706491063029,0.21638074381709416
P,86,0.9943555973659455,0.47082370971640775
V,87,0.3123236124176858,0.6159015224963934
A,88,0.4967074317968015,0.9136219075503688
L,89,0.9952963311382879,0.6096424684194088
F,90,0.9962370649106302,0.3865025081880546
D,91,0.9952963311382879,0.12869900976579132
R,92,0.916274694261524,0.897022990154428
N,93,0.9971777986829727,0.7449241970174191
I,94,0.44026340545625586,0.8950996558288317
T,95,0.5522107243650047,0.9749473837115509
D,96,0.9971777986829727,0.7015453323551237
G,97,0.9868297271872061,0.8996659439530132
K,98,0.8871119473189087,0.8357944084376961
A,99,0.39416745061147695,0.80199797467778
M,100,0.9379115710253998,0.8924227144193196
I,101,0.4487300094073377,0.8314052739376132
A,102,0.6961429915333961,0.6789611383955263
S,103,0.9313264346190028,0.5939331791674747
F,104,0.8711194731890874,0.7159274738996014
L,105,0.9238005644402634,0.6746261830174511
T,106,0.9369708372530574,0.38778480983884994
L,107,0.9764816556914393,0.6172729029179074
T,108,0.33207902163687675,0.5804789351871428
M,109,0.8918156161806209,0.6516612088831971
G,110,0.9990592662276576,-0.011889813475406297
N,111,0.9990592662276576,-0.016730345027007664
N,112,0.9971777986829727,0.2447800137711364
Q,113,0.9990592662276576,0.2096301216686468
G,114,0.9877704609595485,0.1821640775616609
M,115,0.9924741298212606,0.24001039383245337
G,116,0.9482596425211665,0.8455460872371248
D,117,0.9962370649106302,0.6686643884735766
V,118,0.541862652869238,0.43275319788429695
E,119,0.6613358419567262,0.8057946552347233
Y,120,0.42144873000940736,0.5398600942804807
A,121,0.7460018814675446,0.24586301530343546
K,122,0.7591721542803387,0.09037101373321393
M,123,0.7648165569143932,0.3201722325025268
H,124,0.2944496707431797,0.930723102131856
D,125,0.9990592662276576,0.009253321827144173
F,126,0.9388523047977423,0.4405485474719186
Y,127,0.7196613358419567,0.4115522349986861
V,128,0.625587958607714,0.4877515480867259
P,129,0.9952963311382879,0.019964438635108467
E,130,0.5126999059266227,0.9333828317732219
A,131,0.5023518344308561,0.9439080204881182
Y,132,0.3922859830667921,0.8557342417514272
R,133,0.4816556914393227,0.8916777798837416
A,134,0.5098777046095955,0.9908756145454986
L,135,0.7572906867356538,0.9794395521456846
F,136,0.9651928504233303,0.7967945978624694
D,137,0.9990592662276576,0.9464780581785728
G,138,0.9821260583254939,0.8008403657518657
P,139,1.0,0.43388469815401104
S,140,0.4891815616180621,0.9602246524742204
V,141,0.4873000940733772,0.9962257445272797
N,142,0.5898400752587017,0.7900376991415231
I,143,0.9943555973659455,0.7117659911579262
S,144,0.5757290686735654,0.9032662065406685
A,145,0.8795860771401693,0.9667586062754147
L,146,0.6265286923800565,0.8122570472111914
W,147,0.9990592662276576,0.6831291656921606
K,148,0.8447789275634995,0.7602798760191056
V,149,0.5446848541862653,0.9884939556203719
L,150,0.993414863593603,0.7539736952630108
G,151,0.9661335841956726,0.8836179019763706
R,152,0.9981185324553151,0.8083243756737167
P,153,0.8720602069614299,0.9159616052383952
E,154,0.44967074317968014,0.9667853688641088
V,155,0.35371589840075257,0.9767092643078357
D,156,0.6810912511759172,0.8251529603222759
G,157,0.9990592662276576,0.7214138146955503
G,158,1.0,0.36076584510102144
L,159,0.6989651928504234,0.6349708176554477
V,160,0.8513640639698965,0.3345867359797227
V,161,0.5936030103480715,0.6413628633365108
G,162,1.0,0.042947880604977146
T,163,0.9952963311382879,0.18790742095022436
I,164,1.0,0.11045206868813162
I,165,0.9755409219190969,0.467577071762808
K,166,1.0,-0.0023201770113665614
P,167,1.0,0.08881145296789457
K,168,0.9981185324553151,-0.006663125897675932
L,169,1.0,0.507094808859435
G,170,1.0,0.044188443711177056
L,171,1.0,0.5473369196009764
R,172,0.993414863593603,0.8391425677265275
P,173,0.9896519285042333,0.8970687490682708
K,174,0.6660395108184384,0.91823582445195
P,175,0.9868297271872061,0.9746864667706211
F,176,0.9962370649106302,0.4860565273522878
A,177,0.9924741298212606,0.6651626745572591
E,178,0.22483537158984007,0.8304890523859326
A,179,1.0,0.6045813620652893
C,180,0.6876763875823142,0.2774404896568974
H,181,0.9143932267168391,0.7326102200290833
A,182,0.6481655691439323,0.8822698291619623
F,183,0.9962370649106302,0.22141697738012633
W,184,1.0,0.0728567908796458
L,185,0.9774223894637818,0.7657946264567844
G,186,1.0,0.7909180609664274
G,187,0.9990592662276576,0.06251230865203668
D,188,0.9905926622765757,0.3221678235382534
F,189,0.9971777986829727,0.38464563536935026
I,190,0.9793038570084666,0.13994199497970689
K,191,0.9971777986829727,0.01374798241474558
N,192,1.0,0.6021184767737521
D,193,0.9990592662276576,-0.010411725625192854
E,194,0.9981185324553151,-0.01060909507967738
P,195,1.0,-0.009132773245245617
Q,196,1.0,0.3606918379074925
G,197,0.9454374412041392,0.27148654516145365
N,198,1.0,0.5602299430880813
Q,199,1.0,0.5225181212626913
P,200,0.7347130761994356,0.9500231920220208
F,201,0.9501411100658513,0.8393653502333309
A,202,0.5794920037629351,0.840583424147293
P,203,0.9651928504233303,0.98425027231666
L,204,0.3640639698965193,0.8757019317778206
R,205,0.8325493885230479,0.9489523231408545
D,206,0.5399811853245532,0.9287807864376183
T,207,0.5362182502351834,0.8542853094413464
I,208,0.5644402634054563,0.5932935156981871
A,209,0.7977422389463782,0.9635876555791942
L,210,0.8889934148635936,0.9490984359927903
V,211,0.9623706491063029,0.3942410966871361
A,212,0.42238946378174974,0.318340616858004
D,213,0.9247412982126059,0.5814749569783778
A,214,0.8428974600188147,0.5697696004280177
M,215,0.9181561618062088,0.11851036373013037
R,216,0.7168391345249294,0.6842356535990873
R,217,0.9877704609595485,0.6488384580175431
A,218,0.9858889934148636,0.20888379806483773
Q,219,0.7262464722483537,0.12402798486529884
D,220,0.9313264346190028,0.35306998950275686
E,221,0.7770460959548448,0.8846623802492607
T,222,0.9990592662276576,0.3828924800794453
G,223,0.9981185324553151,0.2207664193191945
E,224,0.5117591721542804,0.8736689705591123
A,225,0.9266227657572906,0.8719373319350356
K,226,1.0,0.03871041708610231
L,227,0.8090310442144873,0.6467989253978634
F,228,0.9990592662276576,0.23279910562221626
S,229,1.0,0.13527897491736715
A,230,0.7347130761994356,0.6950085718043961
N,231,1.0,0.30233060769498055
I,232,0.9576669802445907,0.11812783917480732
T,233,0.9943555973659455,0.12367094119284558
A,234,0.9981185324553151,0.2205264092614252
D,235,1.0,0.24296762284854778
D,236,0.9285042333019755,0.5420306480039695
P,237,0.7732831608654751,0.6351212667965125
F,238,0.5183443085606774,0.9819997870379692
E,239,1.0,0.06713061639991047
I,240,0.9369708372530574,0.3982015326670507
I,241,0.37629350893697083,0.6900471312329646
A,242,0.9012229539040452,0.8532052596825163
R,243,1.0,0.07233004344466268
G,244,0.51552210724365,0.23524905349294725
E,245,0.5192850423330198,0.24673565555243612
Y,246,0.5136406396989652,0.8669158518768803
V,247,0.7121354656632173,0.4130398050166595
L,248,0.9971777986829727,0.20586279933593088
E,249,0.8598306679209784,0.5748021513245127
T,250,0.658513640639699,0.7958682535439586
F,251,1.0,0.044449268383099684
G,252,0.8541862652869238,0.712884418992748
E,253,0.5089369708372531,0.5578345038675948
N,254,0.5945437441204139,0.5793177806202312
A,255,0.9341486359360301,0.7859487058409468
S,256,0.6735653809971778,0.843027534639106
H,257,0.5493885230479775,0.3204491299444503
V,258,0.7610536218250236,0.1794863392013699
A,259,0.9981185324553151,0.6870756682199234
L,260,0.9746001881467544,0.16664261181903842
L,261,0.9981185324553151,0.22715462595033092
V,262,0.973659454374412,0.34076822591397654
D,263,1.0,0.020191367846432
G,264,0.9971777986829727,0.036750331720999556
Y,265,0.6679209783631233,0.4348109658160971
V,266,0.9896519285042333,0.7816804625369907
A,267,0.7074317968015051,0.49209911165229875
G,268,1.0,0.12214086003745953
A,269,0.9303857008466604,0.8423891042834005
A,270,0.6679209783631233,0.6669175061732853
A,271,0.6547507055503292,0.4860631260140586
I,272,0.5399811853245532,0.694694936785555
T,273,0.9811853245531514,0.9138932229392318
T,274,0.9623706491063029,0.9253582115384039
A,275,0.8918156161806209,0.55362641575274
R,276,0.9981185324553151,0.8144755225486007
R,277,0.9990592662276576,0.8959030031251345
R,278,0.4684854186265287,0.9144643269815445
F,279,0.4995296331138288,0.1490576283100794
P,280,0.9040451552210724,0.8044162210404717
D,281,0.42521166509877706,0.8751167413167732
N,282,0.9134524929444967,0.6914771279822702
F,283,0.7300094073377235,0.41259407985714264
L,284,0.9868297271872061,0.6445307977250446
H,285,0.9962370649106302,0.0649751320630368
Y,286,0.9341486359360301,0.38939069151204736
H,287,0.9990592662276576,-0.012258520848216405
R,288,0.9981185324553151,0.01661871618887547
A,289,0.9943555973659455,0.13318992930797158
G,290,0.9990592662276576,-0.015184577639146875
H,291,0.9990592662276576,0.08450461934539413
G,292,0.9971777986829727,0.0949129543581816
A,293,0.7347130761994356,0.45925303451152166
V,294,0.676387582314205,0.47490302239425175
T,295,0.9990592662276576,0.09790357838534017
S,296,0.9905926622765757,0.4608453230331553
P,297,0.8701787394167451,0.9804543789823288
Q,298,0.6444026340545626,0.8857974920333539
S,299,0.5625587958607714,0.5661203899456738
K,300,0.6669802445907808,0.932129437468145
R,301,0.9463781749764817,0.1525518571954297
G,302,1.0,0.04604912332823996
Y,303,0.9473189087488241,0.7603413738898055
T,304,0.8297271872060207,0.7386233825170467
A,305,0.8692380056444027,0.6087419557819395
F,306,0.6538099717779868,0.8742597204309875
V,307,0.8955785512699906,0.5493979966039134
H,308,0.8325493885230479,0.5366046643413641
C,309,0.6368767638758231,0.682012558259997
K,310,0.9990592662276576,0.14410990738329574
M,311,0.7215428033866416,0.7514868383888462
A,312,0.6622765757290687,0.6302176442099542
R,313,0.9990592662276576,0.04646061199755335
L,314,0.949200376293509,0.45632940374488884
Q,315,0.8174976481655691,0.8661344743348959
G,316,0.9990592662276576,0.19453733730492542
A,317,0.9830667920978363,0.5040548214337456
S,318,0.9981185324553151,0.2539075584468251
G,319,0.9990592662276576,0.2554665044928612
I,320,0.9727187206020697,0.6151166327393477
H,321,0.9990592662276576,0.019947281985259458
T,322,0.7140169332079022,0.5922194878481077
G,323,0.9990592662276576,0.02653831673841173
T,324,0.9971777986829727,0.23597935372510642
M,325,0.9981185324553151,0.6227409753761846
G,326,0.9595484477892756,0.43802810692037114
F,327,0.7365945437441204,0.7432177020900571
G,328,0.9990592662276576,0.0086025369262357
K,329,0.9981185324553151,-0.0011325520483768505
M,330,1.0,0.07772717864860805
E,331,1.0,0.6716122638433696
G,332,0.9981185324553151,0.26651403876563884
E,333,0.451552210724365,0.9800736779974594
S,334,0.36312323612417685,0.978768953977709
S,335,0.5832549388523048,0.9818163771862899
D,336,0.916274694261524,0.3877420519052808
R,337,0.5258701787394168,0.8231537463791514
A,338,0.24176857949200375,0.9453365649489779
I,339,0.7478833490122295,0.8362271255382211
A,340,0.9642521166509878,0.7905141348868213
Y,341,0.8984007525870179,0.9298990016289116
M,342,0.8015051740357478,0.6147220547859198
L,343,0.7554092191909689,0.5600664394134975
T,344,0.8466603951081844,0.891769654930329
Q,345,0.793038570084666,0.9201375284950202
D,346,0.9350893697083725,0.9820347384895328
E,347,0.47883349012229537,0.9775127376239894
A,348,0.38664158043273755,0.818698665569454
Q,349,0.510818438381938,0.985988142476039
G,350,1.0,-0.0005921460188009117
P,351,0.9285042333019755,0.9042279426362413
F,352,0.3584195672624647,0.8744228823278535
Y,353,0.779868297271872,0.20584475393838467
R,354,0.4270931326434619,0.9712063816604332
Q,355,0.9990592662276576,0.5668459002125047
S,356,0.44026340545625586,0.9945378658339209
W,357,0.9981185324553151,0.18539153225647267
G,358,0.5239887111947319,0.9711612533586841
G,359,0.9783631232361242,0.9656429498680041
M,360,0.922859830667921,0.9120256863767968
K,361,0.8494825964252116,0.9843348174127505
A,362,0.8099717779868297,0.9824200073566896
C,363,0.9548447789275635,0.5012087252658073
T,364,0.9426152398871119,0.7467878125579043
P,365,0.9604891815616181,0.5520502342206768
I,366,0.9840075258701787,0.40365134274478254
I,367,0.9576669802445907,0.4919971023883005
S,368,0.9981185324553151,0.012925658499169502
G,369,0.9971777986829727,-0.0032341678602055435
G,370,0.9981185324553151,0.008594920527917741
M,371,0.993414863593603,0.27309372437560764
N,372,0.9962370649106302,0.47317016417663654
A,373,0.9971777986829727,0.41477129447778527
L,374,0.9755409219190969,0.5089050621101707
R,375,0.9971777986829727,0.5871503924030687
M,376,0.8626528692380057,0.7104966660853518
P,377,0.9755409219190969,0.9403093577782387
G,378,0.9717779868297272,0.9525794213452098
F,379,0.9924741298212606,0.47031882547178516
F,380,0.9877704609595485,0.5720115845029292
E,381,0.5973659454374413,0.9159229497980336
N,382,0.993414863593603,0.6839023398697048
L,383,0.9887111947318908,0.6440564284375178
G,384,0.9943555973659455,0.8381567452390022
N,385,0.9877704609595485,0.8440314657150253
A,386,0.6810912511759172,0.6981831596785502
N,387,0.9896519285042333,0.6532334852315698
V,388,0.7873941674506115,0.639497122459241
I,389,0.9444967074317968,0.37528488131643
L,390,0.6989651928504234,0.5299499807631024
T,391,0.9896519285042333,0.2291746421005241
A,392,0.5145813734713076,0.2439908312019982
G,393,0.9915333960489181,-0.043314206467834446
G,394,0.9915333960489181,0.0035101058506368317
G,395,0.9905926622765757,0.06768797085619935
A,396,0.5691439322671684,0.35346370102956187
F,397,0.6904985888993415,0.27340546293768625
G,398,0.9887111947318908,0.15566580095542512
H,399,0.9877704609595485,0.2380874012407446
I,400,0.7281279397930386,0.859335652250589
D,401,0.9680150517403575,0.4889809667783201
G,402,0.6603951081843838,0.2572181727384792
P,403,0.7648165569143932,0.5410757480302217
V,404,0.8269049858889934,0.9332266886765749
A,405,0.9021636876763875,0.865049151426617
G,406,0.9858889934148636,0.03679743357030067
A,407,0.9332079021636877,0.24920057059094136
R,408,0.3847601128880527,0.9546719914453344
S,409,0.9840075258701787,0.1934584264821316
L,410,0.9651928504233303,0.4892836335487498
R,411,0.8673565380997178,0.8044541015020458
Q,412,0.9689557855126999,0.7419017028487485
A,413,0.7253057384760113,0.47150576571419506
W,414,0.6810912511759172,0.7190293440169379
Q,415,0.599247412982126,0.9096689549618996
A,416,0.8109125117591721,0.4164052444721001
W,417,0.9698965192850423,0.71836833744317
R,418,0.729068673565381,0.8618272543349865
D,419,0.49200376293508935,0.8915838890210915
G,420,0.8579492003762935,0.844935218462864
V,421,0.7779868297271872,0.8654160162777489
P,422,0.9021636876763875,0.9269884237059235
V,423,0.8090310442144873,0.8220527095610465
L,424,0.6462841015992474,0.8694886984062241
D,425,0.70931326434619,0.8875870586342213
Y,426,0.3443085606773283,0.7359426373785188
A,427,0.9793038570084666,0.43004417211975654
R,428,0.7789275634995296,0.9133279782355952
E,429,0.5954844778927564,0.8787970488934732
H,430,0.9595484477892756,0.7771059387640293
K,431,0.46378174976481656,0.971300663875831
E,432,0.955785512699906,0.6696833769374034
L,433,0.80620884289746,0.31466839341563957
A,434,0.9040451552210724,0.8352382533202811
R,435,0.8748824082784572,0.6798333987035597
A,436,0.9746001881467544,0.5114945099659012
F,437,0.9708372530573848,0.3334929680894752
E,438,0.8099717779868297,0.9555221547594838
S,439,0.9539040451552211,0.4701122391622295
F,440,0.9746001881467544,0.6284793510547529
P,441,0.8334901222953904,0.9281032406856021
G,442,0.37723424270931327,0.9975082352662202
D,443,0.9717779868297272,0.8444762330940694
A,444,0.9510818438381938,0.5495513032070933
D,445,0.9642521166509878,0.8285797091589466
Q,446,0.47695202257761055,0.9912376123643173
I,447,0.6547507055503292,0.9316851032307589
Y,448,0.5625587958607714,0.8541211919881672
P,449,0.9473189087488241,0.89228341179923
G,450,0.8541862652869238,0.9132470913398005
W,451,0.9661335841956726,0.45423519517272115
R,452,0.9604891815616181,0.882098495814506
K,453,0.5089369708372531,0.9579400875080407
A,454,0.702728127939793,0.9817356475765237
L,455,0.9143932267168391,0.7957479639248443
G,456,0.7130761994355598,0.9336398197689777
V,457,0.5898400752587017,0.9730918361185195
E,458,0.5540921919096896,1.0028186739754972
D,459,0.4722483537158984,0.9899477459841507
T,460,0.11947318908748825,1.0054812731400058
R,461,0.05456255879586077,0.986078567631531
S,462,0.015051740357478834,0.9930044566146038
A,463,0.004703668861712135,1.020190303860117
L,464,0.004703668861712135,1.0118937784539348
