,N198G,V266G,WT1,WT2,G394A,A405H,V266T,A269K,A102Y,I164T
0,0.015486898203166337,0.008473755087713485,0.004115366961755681,0.008406755644775677,0.05098131613355111,0.02054049368927095,0.00862338402178406,0.0038394770392450933,0.014836807120345356,0.008264259001417609
1,0.032678500300558425,0.006808316558844064,0.005867876491268501,0.0034887949286113817,0.04439665469876808,0.015919670402657397,0.005408014000208607,0.004381946545289579,0.008077780324203802,0.011606035042792395
2,0.009593476726495655,0.012350485216490147,0.007168240752469171,0.0040055922510860474,0.029087201088403028,0.00997728065709778,0.012946579022473089,0.007059966332202434,0.015499793149358466,0.013567964314223333
3,0.019788243130773955,0.01424677344200381,0.004605556393040995,0.0027954887758188216,0.023697673711492936,0.021872089527428536,0.005195729761167889,0.00708487124823335,0.006918461382329846,0.010865726981073328
4,0.02021206890097644,0.006438964935670916,0.007574158976296594,0.006859604803083626,0.020446254339552623,0.0316944984374407,0.003171075212353815,0.011549633754639311,0.009057045435563809,0.009843256842559744
5,0.01421977083610431,0.0115615325915945,0.008883204373282567,0.003244259690247065,0.031912107217278454,0.031277475863525375,0.006757477409076252,0.07542540706395237,0.000301498243706008,0.0061100392398034786
6,0.04599424098305882,0.02216460328053742,0.015338287643058435,0.009863726338616532,0.03389497423839765,0.042391050526544544,0.0017459175679581222,0.006535120269763091,0.00866897815465418,0.0005888445605074573
7,0.04541440530125967,0.02364575853095344,0.00788062487388508,0.005486060188225663,0.060153100296440394,0.057445361523313365,0.0,0.01701513809555793,0.005612518769461215,0.014160671759348466
8,0.015027351948679817,0.01881274744969143,0.007532779223595163,0.018475985016334132,0.059776609875667346,0.0797627606348592,0.0009303600626177793,0.015809589478553442,0.00854677128616442,0.018694845081827935
9,0.03211354414737217,0.027915514897086526,0.0,0.011299145189599022,0.05140413438743734,0.07043609121827321,0.01217192722308352,0.0,0.014363602461183215,0.0478847101610269
10,0.0,0.0,0.027831780985772398,0.004950057645703312,0.022543539808681987,0.0,0.06310230593271289,0.01159660246977674,0.03637791120176897,0.004484043682405284
